Peptide,Charge,CE,y1,y1^2,y1^3,y2,y2^2,y2^3,y3,y3^2,y3^3,y4,y4^2,y4^3,y5,y5^2,y5^3,y6,y6^2,y6^3,y7,y7^2,y7^3,y8,y8^2,y8^3,y9,y9^2,y9^3,y10,y10^2,y10^3,y11,y11^2,y11^3,y12,y12^2,y12^3,y13,y13^2,y13^3,y14,y14^2,y14^3
AAAAAAAAAAK,2,24.6086,0.0000,0.0037,,0.2091,0.0005,,0.0984,0.0000,,0.3059,0.0080,,0.4196,0.0000,,0.6598,0.0076,,0.9576,0.0182,,0.7605,0.0543,,0.7603,0.0260,,0.1389,0.0000,,,,,,,,,,,,,
AAAAAAAAAAR,2,25.9651,0.0000,0.0087,,0.0473,0.0081,,0.0029,0.0000,,0.3501,0.0112,,0.6060,0.0000,,0.8817,0.0000,,0.9601,0.0158,,0.6693,0.0000,,0.4524,0.0000,,0.0463,0.0000,,,,,,,,,,,,,
AAAAAAAAAVSR,2,31.5383,0.0000,0.0000,,0.0411,0.0000,,0.0000,0.0000,,0.2587,0.0000,,0.5644,0.0000,,0.8137,0.0000,,0.9343,0.0000,,0.8832,0.0000,,0.4796,0.0000,,0.3369,0.0000,,0.0837,0.0000,,,,,,,,,,
AAAAAAAAGAFAGR,2,38.6123,0.0000,0.0013,,0.0000,0.0032,,0.0000,0.0000,,0.1781,0.0000,,0.3396,0.0000,,0.8829,0.0000,,0.8515,0.0000,,0.8962,0.0906,,0.8409,0.0000,,0.7694,0.0000,,0.3267,0.0295,,0.1561,0.0058,,0.0547,0.0000,,,,
AAAAAAALQAK,2,29.4071,0.0000,0.0058,,0.0821,0.0034,,0.1248,0.0000,,0.3043,0.0034,,0.5451,0.0000,,0.8042,0.0000,,0.9587,0.0000,,0.6559,0.0000,,0.5552,0.0000,,0.0833,0.0000,,,,,,,,,,,,,
AAAAAATVLLR,2,25.0502,0.0000,0.0112,,0.0370,0.0111,,0.3221,0.0000,,0.2559,0.0085,,0.5866,0.0040,,0.9531,0.0000,,0.9431,0.0505,,0.6032,0.0000,,0.3564,0.0000,,0.0004,0.0000,,,,,,,,,,,,,
AAAAADLANR,2,29.3753,0.0000,0.0000,,0.0000,0.0000,,0.3988,0.0028,,0.7348,0.0000,,0.7149,0.0061,,0.9650,0.0792,,0.7784,0.0069,,0.6282,0.0597,,0.0758,0.0000,,,,,,,,,,,,,,,,
AAAAALSQQQSLQER,2,59.4609,0.0000,0.0000,,0.0777,0.0000,,0.3220,0.0000,,0.0233,0.0000,,0.3832,0.0000,,0.3257,0.0000,,0.4709,0.0000,,0.4561,0.0000,,0.9196,0.0000,,0.5864,0.0000,,0.5248,0.0316,,0.1657,0.0559,,0.1349,0.0680,,0.0375,0.1571,
AAAAAQKQAK,2,12.2082,0.0000,0.0015,,0.0924,0.0000,,0.2304,0.0525,,0.4741,0.0000,,0.4575,0.0210,,0.5959,0.2787,,0.3828,0.4394,,0.1910,0.9987,,0.1223,0.5182,,,,,,,,,,,,,,,,
AAAACLDK,2,20.4875,0.0000,0.0094,,0.3190,0.0072,,0.3007,0.0246,,0.3395,0.0481,,0.4006,0.0430,,0.9863,0.1616,,0.1953,0.1139,,,,,,,,,,,,,,,,,,,,,,
AAAAEINVK,2,26.1567,0.0000,0.0019,,0.1318,0.0020,,0.4773,0.0171,,0.4968,0.0247,,0.5508,0.0203,,0.7616,0.0723,,1.0013,0.1822,,0.1353,0.0265,,,,,,,,,,,,,,,,,,,
